{"data":{"flags":0,"style":{"data":{"alpha":1.0,"anti_aliased_fill":true,"anti_aliased_lines":true,"anti_aliased_lines_use_tex":true,"button_text_align":[0.5,0.5],"cell_padding":[4.0,2.0],"child_border_size":1.0,"child_rounding":3.0,"circle_tesselation_max_error":0.30000001192092896,"color_button_position":1,"colors":[[1.0,1.0,1.0,1.0],[0.40000000596046448,0.40000000596046448,0.40000000596046448,1.0],[0.25,0.25,0.25,1.0],[0.25,0.25,0.25,1.0],[0.25,0.25,0.25,1.0],[0.11999999731779099,0.11999999731779099,0.11999999731779099,0.70999997854232788],[1.0,1.0,1.0,0.059999998658895493],[0.41999998688697815,0.41999998688697815,0.41999998688697815,0.54000002145767212],[0.41999998688697815,0.41999998688697815,0.41999998688697815,0.40000000596046448],[0.56000000238418579,0.56000000238418579,0.56000000238418579,0.67000001668930054],[0.18999999761581421,0.18999999761581421,0.18999999761581421,1.0],[0.2199999988079071,0.2199999988079071,0.2199999988079071,1.0],[0.17000000178813934,0.17000000178813934,0.17000000178813934,0.89999997615814209],[0.33500000834465027,0.33500000834465027,0.33500000834465027,1.0],[0.23999999463558197,0.23999999463558197,0.23999999463558197,0.52999997138977051],[0.40999999642372131,0.40999999642372131,0.40999999642372131,1.0],[0.51999998092651367,0.51999998092651367,0.51999998092651367,1.0],[0.75999999046325684,0.75999999046325684,0.75999999046325684,1.0],[0.64999997615814209,0.64999997615814209,0.64999997615814209,1.0],[0.51999998092651367,0.51999998092651367,0.51999998092651367,1.0],[0.63999998569488525,0.63999998569488525,0.63999998569488525,1.0],[0.54000002145767212,0.54000002145767212,0.54000002145767212,0.34999999403953552],[0.51999998092651367,0.51999998092651367,0.51999998092651367,0.5899999737739563],[0.75999999046325684,0.75999999046325684,0.75999999046325684,1.0],[0.37999999523162842,0.37999999523162842,0.37999999523162842,1.0],[0.4699999988079071,0.4699999988079071,0.4699999988079071,1.0],[0.75999999046325684,0.75999999046325684,0.75999999046325684,0.76999998092651367],[0.0,0.0,0.0,0.13699999451637268],[0.69999998807907104,0.67100000381469727,0.60000002384185791,0.28999999165534973],[0.70200002193450928,0.67100000381469727,0.60000002384185791,0.67400002479553223],[0.25999999046325684,0.5899999737739563,0.98000001907348633,0.25],[0.25999999046325684,0.5899999737739563,0.98000001907348633,0.67000001668930054],[0.25999999046325684,0.5899999737739563,0.98000001907348633,0.94999998807907104],[0.25,0.25,0.25,1.0],[0.40000000596046448,0.40000000596046448,0.40000000596046448,1.0],[0.33000001311302185,0.33000001311302185,0.33000001311302185,1.0],[0.25,0.25,0.25,1.0],[0.33000001311302185,0.33000001311302185,0.33000001311302185,1.0],[0.61000001430511475,0.61000001430511475,0.61000001430511475,1.0],[1.0,0.43000000715255737,0.34999999403953552,1.0],[0.89999997615814209,0.69999998807907104,0.0,1.0],[1.0,0.60000002384185791,0.0,1.0],[0.18999999761581421,0.18999999761581421,0.20000000298023224,1.0],[0.31000000238418579,0.31000000238418579,0.34999999403953552,1.0],[0.23000000417232513,0.23000000417232513,0.25,1.0],[0.0,0.0,0.0,0.0],[1.0,1.0,1.0,0.059999998658895493],[0.73000001907348633,0.73000001907348633,0.73000001907348633,0.34999999403953552],[1.0,1.0,0.0,0.89999997615814209],[0.25999999046325684,0.5899999737739563,0.98000001907348633,1.0],[1.0,1.0,1.0,0.69999998807907104],[0.80000001192092896,0.80000001192092896,0.80000001192092896,0.20000000298023224],[0.80000001192092896,0.80000001192092896,0.80000001192092896,0.34999999403953552]],"columns_min_spacing":6.0,"curve_tessellation_tol":1.25,"disabled_alpha":0.60000002384185791,"display_safe_area_padding":[3.0,3.0],"display_window_padding":[19.0,19.0],"frame_border_size":1.0,"frame_padding":[6.0,4.0],"frame_rounding":3.0,"grab_min_size":12.0,"grab_rounding":3.0,"indent_spacing":21.0,"item_inner_spacing":[4.0,4.0],"item_spacing":[6.0,2.0],"log_slider_deadzone":4.0,"mouse_cursor_scale":1.0,"popup_border_size":1.0,"popup_rounding":3.0,"scollbar_rounding":2.0,"scollbar_size":18.0,"selectable_text_align":[0.0,0.0],"separator_text_align":[0.0,0.5],"separator_text_border_size":3.0,"separator_text_padding":[20.0,3.0],"tab_border_size":1.0,"tab_min_width_for_close_button":0.0,"tab_rounding":3.0,"touch_extra_padding":[0.0,0.0],"window_menu_button_position":0,"window_min_size":[32.0,32.0],"window_padding":[4.0,4.0],"window_rounding":3.0,"window_rounding_size":1.0,"window_title_align":[0.0,0.5]},"version":1}},"flags":0,"version":1}