{"data":{"flags":0,"style":{"data":{"alpha":1.0,"anti_aliased_fill":true,"anti_aliased_lines":true,"anti_aliased_lines_use_tex":true,"button_text_align":[0.5,0.5],"cell_padding":[4.0,2.0],"child_border_size":1.0,"child_rounding":0.0,"circle_tesselation_max_error":0.30000001192092896,"color_button_position":1,"colors":[[0.89999997615814209,0.89999997615814209,0.89999997615814209,1.0],[0.60000002384185791,0.60000002384185791,0.60000002384185791,1.0],[0.0,0.0,0.0,0.85000002384185791],[0.0,0.0,0.0,0.0],[0.10999999940395355,0.10999999940395355,0.14000000059604645,0.92000001668930054],[0.5,0.5,0.5,0.5],[0.0,0.0,0.0,0.0],[0.43000000715255737,0.43000000715255737,0.43000000715255737,0.38999998569488525],[0.4699999988079071,0.4699999988079071,0.68999999761581421,0.40000000596046448],[0.41999998688697815,0.40999999642372131,0.63999998569488525,0.68999999761581421],[0.27000001072883606,0.27000001072883606,0.54000002145767212,0.82999998331069946],[0.31999999284744263,0.31999999284744263,0.62999999523162842,0.87000000476837158],[0.40000000596046448,0.40000000596046448,0.80000001192092896,0.20000000298023224],[0.40000000596046448,0.40000000596046448,0.55000001192092896,0.80000001192092896],[0.20000000298023224,0.25,0.30000001192092896,0.60000002384185791],[0.40000000596046448,0.40000000596046448,0.80000001192092896,0.30000001192092896],[0.40000000596046448,0.40000000596046448,0.80000001192092896,0.40000000596046448],[0.40999999642372131,0.38999998569488525,0.80000001192092896,0.60000002384185791],[0.89999997615814209,0.89999997615814209,0.89999997615814209,0.5],[1.0,1.0,1.0,0.30000001192092896],[0.40999999642372131,0.38999998569488525,0.80000001192092896,0.60000002384185791],[0.34999999403953552,0.40000000596046448,0.61000001430511475,0.62000000476837158],[0.40000000596046448,0.47999998927116394,0.70999997854232788,0.79000002145767212],[0.46000000834465027,0.54000002145767212,0.80000001192092896,1.0],[0.40000000596046448,0.40000000596046448,0.89999997615814209,0.44999998807907104],[0.44999998807907104,0.44999998807907104,0.89999997615814209,0.80000001192092896],[0.52999997138977051,0.52999997138977051,0.87000000476837158,0.80000001192092896],[0.5,0.5,0.5,0.60000002384185791],[0.60000002384185791,0.60000002384185791,0.69999998807907104,1.0],[0.69999998807907104,0.69999998807907104,0.89999997615814209,1.0],[1.0,1.0,1.0,0.10000000149011612],[0.77999997138977051,0.81999999284744263,1.0,0.60000002384185791],[0.77999997138977051,0.81999999284744263,1.0,0.89999997615814209],[0.335999995470047,0.335999995470047,0.68400001525878906,0.78600001335144043],[0.44999998807907104,0.44999998807907104,0.89999997615814209,0.80000001192092896],[0.40399998426437378,0.40399998426437378,0.72600001096725464,0.84200000762939453],[0.28319999575614929,0.28319999575614929,0.56880003213882446,0.82120001316070557],[0.35040000081062317,0.35040000081062317,0.65160000324249268,0.83719998598098755],[1.0,1.0,1.0,1.0],[0.89999997615814209,0.69999998807907104,0.0,1.0],[0.89999997615814209,0.69999998807907104,0.0,1.0],[1.0,0.60000002384185791,0.0,1.0],[0.27000001072883606,0.27000001072883606,0.37999999523162842,1.0],[0.31000000238418579,0.31000000238418579,0.44999998807907104,1.0],[0.25999999046325684,0.25999999046325684,0.2800000011920929,1.0],[0.0,0.0,0.0,0.0],[1.0,1.0,1.0,0.070000000298023224],[0.0,0.0,1.0,0.34999999403953552],[1.0,1.0,0.0,0.89999997615814209],[0.44999998807907104,0.44999998807907104,0.89999997615814209,0.80000001192092896],[1.0,1.0,1.0,0.69999998807907104],[0.80000001192092896,0.80000001192092896,0.80000001192092896,0.20000000298023224],[0.20000000298023224,0.20000000298023224,0.20000000298023224,0.34999999403953552]],"columns_min_spacing":6.0,"curve_tessellation_tol":1.25,"disabled_alpha":0.60000002384185791,"display_safe_area_padding":[3.0,3.0],"display_window_padding":[19.0,19.0],"frame_border_size":0.0,"frame_padding":[4.0,3.0],"frame_rounding":0.0,"grab_min_size":12.0,"grab_rounding":0.0,"indent_spacing":21.0,"item_inner_spacing":[4.0,4.0],"item_spacing":[8.0,4.0],"log_slider_deadzone":4.0,"mouse_cursor_scale":1.0,"popup_border_size":1.0,"popup_rounding":0.0,"scollbar_rounding":9.0,"scollbar_size":14.0,"selectable_text_align":[0.0,0.0],"separator_text_align":[0.0,0.5],"separator_text_border_size":3.0,"separator_text_padding":[20.0,3.0],"tab_border_size":0.0,"tab_min_width_for_close_button":0.0,"tab_rounding":4.0,"touch_extra_padding":[0.0,0.0],"window_menu_button_position":0,"window_min_size":[32.0,32.0],"window_padding":[8.0,8.0],"window_rounding":0.0,"window_rounding_size":1.0,"window_title_align":[0.0,0.5]},"version":1}},"flags":0,"version":1}