{"data":{"flags":0,"style":{"data":{"alpha":1.0,"anti_aliased_fill":true,"anti_aliased_lines":true,"anti_aliased_lines_use_tex":true,"button_text_align":[0.5,0.5],"cell_padding":[4.0,2.0],"child_border_size":1.0,"child_rounding":0.0,"circle_tesselation_max_error":0.30000001192092896,"color_button_position":1,"colors":[[1.0,1.0,1.0,1.0],[0.5,0.5,0.5,1.0],[0.059999998658895493,0.059999998658895493,0.059999998658895493,0.93999999761581421],[0.0,0.0,0.0,0.0],[0.079999998211860657,0.079999998211860657,0.079999998211860657,0.93999999761581421],[0.43000000715255737,0.43000000715255737,0.5,0.5],[0.0,0.0,0.0,0.0],[0.15999999642372131,0.28999999165534973,0.47999998927116394,0.54000002145767212],[0.25999999046325684,0.5899999737739563,0.98000001907348633,0.40000000596046448],[0.25999999046325684,0.5899999737739563,0.98000001907348633,0.67000001668930054],[0.039999999105930328,0.039999999105930328,0.039999999105930328,1.0],[0.15999999642372131,0.28999999165534973,0.47999998927116394,1.0],[0.0,0.0,0.0,0.50999999046325684],[0.14000000059604645,0.14000000059604645,0.14000000059604645,1.0],[0.019999999552965164,0.019999999552965164,0.019999999552965164,0.52999997138977051],[0.31000000238418579,0.31000000238418579,0.31000000238418579,1.0],[0.40999999642372131,0.40999999642372131,0.40999999642372131,1.0],[0.50999999046325684,0.50999999046325684,0.50999999046325684,1.0],[0.25999999046325684,0.5899999737739563,0.98000001907348633,1.0],[0.23999999463558197,0.51999998092651367,0.87999999523162842,1.0],[0.25999999046325684,0.5899999737739563,0.98000001907348633,1.0],[0.25999999046325684,0.5899999737739563,0.98000001907348633,0.40000000596046448],[0.25999999046325684,0.5899999737739563,0.98000001907348633,1.0],[0.059999998658895493,0.52999997138977051,0.98000001907348633,1.0],[0.25999999046325684,0.5899999737739563,0.98000001907348633,0.31000000238418579],[0.25999999046325684,0.5899999737739563,0.98000001907348633,0.80000001192092896],[0.25999999046325684,0.5899999737739563,0.98000001907348633,1.0],[0.43000000715255737,0.43000000715255737,0.5,0.5],[0.10000000149011612,0.40000000596046448,0.75,0.77999997138977051],[0.10000000149011612,0.40000000596046448,0.75,1.0],[0.25999999046325684,0.5899999737739563,0.98000001907348633,0.20000000298023224],[0.25999999046325684,0.5899999737739563,0.98000001907348633,0.67000001668930054],[0.25999999046325684,0.5899999737739563,0.98000001907348633,0.94999998807907104],[0.17999999225139618,0.34999996423721313,0.58000004291534424,0.8619999885559082],[0.25999999046325684,0.5899999737739563,0.98000001907348633,0.80000001192092896],[0.19999998807907104,0.40999996662139893,0.68000000715255737,1.0],[0.068000003695487976,0.10199998319149017,0.14800003170967102,0.9724000096321106],[0.13599997758865356,0.26199996471405029,0.42399999499320984,1.0],[0.61000001430511475,0.61000001430511475,0.61000001430511475,1.0],[1.0,0.43000000715255737,0.34999999403953552,1.0],[0.89999997615814209,0.69999998807907104,0.0,1.0],[1.0,0.60000002384185791,0.0,1.0],[0.18999999761581421,0.18999999761581421,0.20000000298023224,1.0],[0.31000000238418579,0.31000000238418579,0.34999999403953552,1.0],[0.23000000417232513,0.23000000417232513,0.25,1.0],[0.0,0.0,0.0,0.0],[1.0,1.0,1.0,0.059999998658895493],[0.25999999046325684,0.5899999737739563,0.98000001907348633,0.34999999403953552],[1.0,1.0,0.0,0.89999997615814209],[0.25999999046325684,0.5899999737739563,0.98000001907348633,1.0],[1.0,1.0,1.0,0.69999998807907104],[0.80000001192092896,0.80000001192092896,0.80000001192092896,0.20000000298023224],[0.80000001192092896,0.80000001192092896,0.80000001192092896,0.34999999403953552]],"columns_min_spacing":6.0,"curve_tessellation_tol":1.25,"disabled_alpha":0.60000002384185791,"display_safe_area_padding":[3.0,3.0],"display_window_padding":[19.0,19.0],"frame_border_size":0.0,"frame_padding":[4.0,3.0],"frame_rounding":0.0,"grab_min_size":12.0,"grab_rounding":0.0,"indent_spacing":21.0,"item_inner_spacing":[4.0,4.0],"item_spacing":[8.0,4.0],"log_slider_deadzone":4.0,"mouse_cursor_scale":1.0,"popup_border_size":1.0,"popup_rounding":0.0,"scollbar_rounding":9.0,"scollbar_size":14.0,"selectable_text_align":[0.0,0.0],"separator_text_align":[0.0,0.5],"separator_text_border_size":3.0,"separator_text_padding":[20.0,3.0],"tab_border_size":0.0,"tab_min_width_for_close_button":0.0,"tab_rounding":4.0,"touch_extra_padding":[0.0,0.0],"window_menu_button_position":0,"window_min_size":[32.0,32.0],"window_padding":[8.0,8.0],"window_rounding":0.0,"window_rounding_size":1.0,"window_title_align":[0.0,0.5]},"version":1}},"flags":0,"version":1}