{"data":{"flags":0,"style":{"data":{"alpha":1.0,"anti_aliased_fill":true,"anti_aliased_lines":true,"anti_aliased_lines_use_tex":true,"button_text_align":[0.5,0.5],"cell_padding":[4.0,2.0],"child_border_size":1.0,"child_rounding":0.0,"circle_tesselation_max_error":0.30000001192092896,"color_button_position":1,"colors":[[0.0,0.0,0.0,1.0],[0.60000002384185791,0.60000002384185791,0.60000002384185791,1.0],[0.93999999761581421,0.93999999761581421,0.93999999761581421,1.0],[0.0,0.0,0.0,0.0],[1.0,1.0,1.0,0.98000001907348633],[0.0,0.0,0.0,0.30000001192092896],[0.0,0.0,0.0,0.0],[1.0,1.0,1.0,1.0],[0.25999999046325684,0.5899999737739563,0.98000001907348633,0.40000000596046448],[0.25999999046325684,0.5899999737739563,0.98000001907348633,0.67000001668930054],[0.95999997854232788,0.95999997854232788,0.95999997854232788,1.0],[0.81999999284744263,0.81999999284744263,0.81999999284744263,1.0],[1.0,1.0,1.0,0.50999999046325684],[0.86000001430511475,0.86000001430511475,0.86000001430511475,1.0],[0.98000001907348633,0.98000001907348633,0.98000001907348633,0.52999997138977051],[0.68999999761581421,0.68999999761581421,0.68999999761581421,0.80000001192092896],[0.49000000953674316,0.49000000953674316,0.49000000953674316,0.80000001192092896],[0.49000000953674316,0.49000000953674316,0.49000000953674316,1.0],[0.25999999046325684,0.5899999737739563,0.98000001907348633,1.0],[0.25999999046325684,0.5899999737739563,0.98000001907348633,0.77999997138977051],[0.46000000834465027,0.54000002145767212,0.80000001192092896,0.60000002384185791],[0.25999999046325684,0.5899999737739563,0.98000001907348633,0.40000000596046448],[0.25999999046325684,0.5899999737739563,0.98000001907348633,1.0],[0.059999998658895493,0.52999997138977051,0.98000001907348633,1.0],[0.25999999046325684,0.5899999737739563,0.98000001907348633,0.31000000238418579],[0.25999999046325684,0.5899999737739563,0.98000001907348633,0.80000001192092896],[0.25999999046325684,0.5899999737739563,0.98000001907348633,1.0],[0.38999998569488525,0.38999998569488525,0.38999998569488525,0.62000000476837158],[0.14000000059604645,0.43999999761581421,0.80000001192092896,0.77999997138977051],[0.14000000059604645,0.43999999761581421,0.80000001192092896,1.0],[0.34999999403953552,0.34999999403953552,0.34999999403953552,0.17000000178813934],[0.25999999046325684,0.5899999737739563,0.98000001907348633,0.67000001668930054],[0.25999999046325684,0.5899999737739563,0.98000001907348633,0.94999998807907104],[0.76399999856948853,0.79699999094009399,0.83599996566772461,0.9309999942779541],[0.25999999046325684,0.5899999737739563,0.98000001907348633,0.80000001192092896],[0.59600001573562622,0.7279999852180481,0.88400000333786011,1.0],[0.92079997062683105,0.92739999294281006,0.93519997596740723,0.98619997501373291],[0.74160003662109375,0.82080000638961792,0.91439998149871826,1.0],[0.38999998569488525,0.38999998569488525,0.38999998569488525,1.0],[1.0,0.43000000715255737,0.34999999403953552,1.0],[0.89999997615814209,0.69999998807907104,0.0,1.0],[1.0,0.44999998807907104,0.0,1.0],[0.77999997138977051,0.87000000476837158,0.98000001907348633,1.0],[0.56999999284744263,0.56999999284744263,0.63999998569488525,1.0],[0.68000000715255737,0.68000000715255737,0.74000000953674316,1.0],[0.0,0.0,0.0,0.0],[0.30000001192092896,0.30000001192092896,0.30000001192092896,0.090000003576278687],[0.25999999046325684,0.5899999737739563,0.98000001907348633,0.34999999403953552],[0.25999999046325684,0.5899999737739563,0.98000001907348633,0.94999998807907104],[0.25999999046325684,0.5899999737739563,0.98000001907348633,0.80000001192092896],[0.69999998807907104,0.69999998807907104,0.69999998807907104,0.69999998807907104],[0.20000000298023224,0.20000000298023224,0.20000000298023224,0.20000000298023224],[0.20000000298023224,0.20000000298023224,0.20000000298023224,0.34999999403953552]],"columns_min_spacing":6.0,"curve_tessellation_tol":1.25,"disabled_alpha":0.60000002384185791,"display_safe_area_padding":[3.0,3.0],"display_window_padding":[19.0,19.0],"frame_border_size":0.0,"frame_padding":[4.0,3.0],"frame_rounding":2.0,"grab_min_size":12.0,"grab_rounding":0.0,"indent_spacing":21.0,"item_inner_spacing":[4.0,4.0],"item_spacing":[8.0,4.0],"log_slider_deadzone":4.0,"mouse_cursor_scale":1.0,"popup_border_size":1.0,"popup_rounding":2.0,"scollbar_rounding":9.0,"scollbar_size":14.0,"selectable_text_align":[0.0,0.0],"separator_text_align":[0.0,0.5],"separator_text_border_size":3.0,"separator_text_padding":[20.0,3.0],"tab_border_size":0.0,"tab_min_width_for_close_button":0.0,"tab_rounding":4.0,"touch_extra_padding":[0.0,0.0],"window_menu_button_position":0,"window_min_size":[32.0,32.0],"window_padding":[8.0,8.0],"window_rounding":3.0,"window_rounding_size":0.0,"window_title_align":[0.0,0.5]},"version":1}},"flags":0,"version":1}