{"data":{"Coin Pouch":{"f":{"ao":{"data":[{"config":{"flags":368,"node":{"flags":0,"name":"NPC Pelvis [Pelv]"},"xfrm":{"pos":[-11.0,-13.0,1.0],"rot":[0.54104143381118774,1.0733234882354736,0.15707653760910034],"scale":0.48500001430511475,"xfrmflags":1}},"desc":"Pouches","flags":1,"group":{"data":[{"config":{"flags":336,"node":{"flags":0,"name":"NPC Pelvis [Pelv]"},"xfrm":{"pos":[-11.0,-12.600000381469727,1.7999999523162842],"rot":[0.55849349498748779,1.0907623767852783,0.052355911582708359],"scale":0.54000002145767212,"xfrmflags":1}},"desc":"Large","flags":0,"matches":{"data":[{"bslot":4,"f32a":0.0,"flags":3602,"group":{"data":{"flags":0},"version":1},"i32a":0,"type":255,"ui32b":350,"ui64a":0}],"version":2}},{"config":{"flags":336,"node":{"flags":0,"name":"NPC Pelvis [Pelv]"},"xfrm":{"pos":[-11.0,-12.25,2.0999999046325684],"rot":[0.55849349498748779,1.0907623767852783,0.052355911582708359],"scale":0.43000003695487976,"xfrmflags":1}},"desc":"Medium","flags":0,"matches":{"data":[{"bslot":4,"f32a":0.0,"flags":3602,"group":{"data":{"flags":0},"version":1},"i32a":0,"type":255,"ui32b":100,"ui64a":0}],"version":2}},{"config":{"flags":336,"node":{"flags":0,"name":"NPC Pelvis [Pelv]"},"xfrm":{"pos":[-11.0,-10.75,3.5999999046325684],"rot":[0.55849349498748779,1.0907623767852783,0.052355911582708359],"scale":0.32500001788139343,"xfrmflags":1}},"desc":"Small","flags":0,"matches":{"data":[{"bslot":3,"f32a":0.0,"flags":3602,"group":{"data":{"flags":0},"version":1},"i32a":0,"type":255,"ui32b":100,"ui64a":0}],"version":2}}],"version":1},"matches":{"data":[{"bslot":23,"f32a":0.0,"flags":10,"group":{"data":{"flags":0},"version":1},"i32a":0,"type":255,"ui32b":0,"ui64a":0}],"version":2}}],"version":1},"cflags":24593,"chance":100.0,"flags":368,"item":{"id":15,"plugin":"Skyrim.esm"},"mgrp":{"data":{"flags":0},"version":1},"model":{"id":888448,"plugin":"Skyrim.esm"},"node":{"flags":0,"name":"NPC Pelvis [Pelv]"},"xfrm":{"pos":[-11.0,-13.0,1.0],"rot":[0.54104143381118774,1.0733234882354736,0.15707653760910034],"scale":0.48500001430511475,"xfrmflags":1}},"m":{"ao":{"data":[{"config":{"flags":368,"node":{"flags":0,"name":"NPC Pelvis [Pelv]"},"xfrm":{"pos":[-11.0,-13.0,1.0],"rot":[0.54104143381118774,1.0733234882354736,0.15707653760910034],"scale":0.48500001430511475,"xfrmflags":1}},"desc":"Pouches","flags":1,"group":{"data":[{"config":{"flags":336,"node":{"flags":0,"name":"NPC Pelvis [Pelv]"},"xfrm":{"pos":[-11.0,-12.600000381469727,1.7999999523162842],"rot":[0.55849349498748779,1.0907623767852783,0.052355911582708359],"scale":0.54000002145767212,"xfrmflags":1}},"desc":"Large","flags":0,"matches":{"data":[{"bslot":4,"f32a":0.0,"flags":3602,"group":{"data":{"flags":0},"version":1},"i32a":0,"type":255,"ui32b":350,"ui64a":0}],"version":2}},{"config":{"flags":336,"node":{"flags":0,"name":"NPC Pelvis [Pelv]"},"xfrm":{"pos":[-11.0,-12.25,2.0999999046325684],"rot":[0.55849349498748779,1.0907623767852783,0.052355911582708359],"scale":0.43000003695487976,"xfrmflags":1}},"desc":"Medium","flags":0,"matches":{"data":[{"bslot":4,"f32a":0.0,"flags":3602,"group":{"data":{"flags":0},"version":1},"i32a":0,"type":255,"ui32b":100,"ui64a":0}],"version":2}},{"config":{"flags":336,"node":{"flags":0,"name":"NPC Pelvis [Pelv]"},"xfrm":{"pos":[-11.0,-10.75,3.5999999046325684],"rot":[0.55849349498748779,1.0907623767852783,0.052355911582708359],"scale":0.32500001788139343,"xfrmflags":1}},"desc":"Small","flags":0,"matches":{"data":[{"bslot":3,"f32a":0.0,"flags":3602,"group":{"data":{"flags":0},"version":1},"i32a":0,"type":255,"ui32b":100,"ui64a":0}],"version":2}}],"version":1},"matches":{"data":[{"bslot":23,"f32a":0.0,"flags":10,"group":{"data":{"flags":0},"version":1},"i32a":0,"type":255,"ui32b":0,"ui64a":0}],"version":2}}],"version":1},"cflags":24593,"chance":100.0,"flags":368,"item":{"id":15,"plugin":"Skyrim.esm"},"mgrp":{"data":{"flags":0},"version":1},"model":{"id":888448,"plugin":"Skyrim.esm"},"node":{"flags":0,"name":"NPC Pelvis [Pelv]"},"xfrm":{"pos":[-11.0,-13.0,1.0],"rot":[0.54104143381118774,1.0733234882354736,0.15707653760910034],"scale":0.48500001430511475,"xfrmflags":1}}}},"id":0,"version":2}